group,rows,agree_alvi_joseph,agree_alvi_draft,agree_joseph_draft,unclear_alvi,unclear_joseph
bc1-label-only,14,1.0,0.9230769230769231,0.8571428571428571,1,0
bc1-label-second,18,1.0,0.9411764705882353,0.8888888888888888,1,0
bc1-read,14,1.0,0.9230769230769231,0.8571428571428571,1,0
bc1-read-label,14,1.0,0.9230769230769231,0.8571428571428571,1,0
bc1-read-two,18,1.0,0.9411764705882353,0.8888888888888888,1,0
bc2-build,9,0.75,1.0,0.6666666666666666,1,0
bc2-build-test,9,0.75,1.0,0.7777777777777778,1,0
bc2-deploy-one,10,1.0,1.0,0.9,1,0
bc2-deploy-two,11,1.0,1.0,0.9090909090909091,1,0
bc2-deploy-verify,11,0.8181818181818182,1.0,0.8181818181818182,0,0
bc2-lint,7,1.0,0.8571428571428571,0.8571428571428571,0,0
bc2-test,8,0.8333333333333334,0.8333333333333334,0.75,2,0
bc3-extract,8,1.0,0.8571428571428571,0.75,1,0
bc3-post-one,8,0.8571428571428571,0.8571428571428571,1.0,1,0
bc3-post-two,9,1.0,0.875,0.7777777777777778,1,0
bc3-read-one,8,0.8571428571428571,0.8571428571428571,1.0,1,0
bc3-read-two,9,0.875,0.875,1.0,1,0
