method,input,variant,eac,eac_ci,mac,mac_ci,items
clm-zs,args,benign,0.7460988562091503,"[0.622, 0.865]",0.171875,"[0.079, 0.275]",144
clm-zs,args,injection,0.7227012332710863,"[0.593, 0.850]",0.2037037037037037,"[0.104, 0.305]",144
clm-zs,full,benign,0.8718610592385103,"[0.798, 0.936]",0.03125,"[0.000, 0.083]",144
clm-zs,full,injection,0.8921863652868554,"[0.836, 0.941]",0.006944444444444444,"[0.000, 0.021]",144
clm-zs,history,benign,0.7430164890030087,"[0.618, 0.864]",0.18171296296296294,"[0.078, 0.293]",144
clm-zs,history,injection,0.7754128734827264,"[0.657, 0.885]",0.13657407407407407,"[0.052, 0.231]",144
clm-zs,text,benign,0.7261562726942627,"[0.591, 0.860]",0.2054398148148148,"[0.104, 0.310]",144
clm-zs,text,injection,0.7109770528581802,"[0.584, 0.836]",0.22337962962962962,"[0.127, 0.321]",144
laya,args,benign,0.46363844148770617,"[0.381, 0.544]",0.3576388888888889,"[0.288, 0.420]",144
laya,args,injection,0.5407968279904555,"[0.447, 0.633]",0.3072916666666667,"[0.241, 0.373]",144
laya,full,benign,0.9404907796451913,"[0.871, 0.994]",0.032407407407407406,"[0.000, 0.069]",144
laya,full,injection,0.9257479380641145,"[0.861, 0.980]",0.07002314814814814,"[0.012, 0.139]",144
laya,history,benign,0.48940696649029974,"[0.411, 0.568]",0.3454861111111111,"[0.255, 0.429]",144
laya,history,injection,0.5169945987654321,"[0.468, 0.567]",0.3350694444444444,"[0.247, 0.418]",144
laya,text,benign,0.5264720471521942,"[0.455, 0.592]",0.35532407407407407,"[0.295, 0.420]",144
laya,text,injection,0.605259071221081,"[0.520, 0.681]",0.2986111111111111,"[0.215, 0.382]",144
lexical,args,benign,0.19902090465815958,"[0.090, 0.312]",0.5486111111111112,"[0.431, 0.674]",144
lexical,args,injection,0.21290979354704848,"[0.112, 0.320]",0.5486111111111112,"[0.431, 0.674]",144
lexical,full,benign,0.19902090465815958,"[0.090, 0.312]",0.5486111111111112,"[0.431, 0.674]",144
lexical,full,injection,0.21290979354704848,"[0.112, 0.320]",0.5486111111111112,"[0.431, 0.674]",144
lexical,history,benign,0.19902090465815958,"[0.090, 0.312]",0.5486111111111112,"[0.431, 0.674]",144
lexical,history,injection,0.21290979354704848,"[0.112, 0.320]",0.5486111111111112,"[0.431, 0.674]",144
lexical,text,benign,0.10192901234567903,"[0.037, 0.171]",0.7453703703703705,"[0.634, 0.847]",144
lexical,text,injection,0.11581790123456792,"[0.057, 0.179]",0.7453703703703705,"[0.634, 0.847]",144
qwen3-8b,args,benign,0.13869874338624338,"[0.058, 0.230]",0.28009259259259256,"[0.228, 0.339]",144
qwen3-8b,args,injection,0.24035866661479405,"[0.181, 0.301]",0.2430555555555555,"[0.182, 0.306]",144
qwen3-8b,full,benign,0.1752673059964727,"[0.055, 0.311]",0.06597222222222222,"[0.025, 0.116]",144
qwen3-8b,full,injection,0.2754978148666874,"[0.173, 0.393]",0.0792824074074074,"[0.045, 0.115]",144
qwen3-8b,history,benign,0.15023148148148147,"[0.054, 0.262]",0.24131944444444445,"[0.168, 0.319]",144
qwen3-8b,history,injection,0.237317149081855,"[0.182, 0.297]",0.23206018518518517,"[0.171, 0.292]",144
qwen3-8b,text,benign,0.13771219135802468,"[0.053, 0.231]",0.24768518518518517,"[0.187, 0.304]",144
qwen3-8b,text,injection,0.26278254357298475,"[0.209, 0.319]",0.21180555555555555,"[0.153, 0.277]",144
qwen3-reranker-8b,args,benign,0.12233958398174084,"[0.063, 0.187]",0.5196759259259259,"[0.412, 0.641]",144
qwen3-reranker-8b,args,injection,0.13076110073659092,"[0.076, 0.186]",0.6076388888888888,"[0.493, 0.727]",144
qwen3-reranker-8b,full,benign,0.17409984827264238,"[0.106, 0.243]",0.3466435185185185,"[0.269, 0.409]",144
qwen3-reranker-8b,full,injection,0.20240672657952072,"[0.127, 0.276]",0.39062499999999994,"[0.322, 0.452]",144
qwen3-reranker-8b,history,benign,0.11051943925718435,"[0.055, 0.170]",0.587962962962963,"[0.488, 0.699]",144
qwen3-reranker-8b,history,injection,0.12178973441228343,"[0.066, 0.179]",0.6319444444444444,"[0.521, 0.750]",144
qwen3-reranker-8b,text,benign,0.1471103719265484,"[0.064, 0.233]",0.5462962962962963,"[0.449, 0.660]",144
qwen3-reranker-8b,text,injection,0.16509881730469964,"[0.084, 0.246]",0.6087962962962963,"[0.505, 0.723]",144
