method,input,eac_C,eac_C_ci,mac_C,mac_C_ci,eac_N,eac_N_ci,mac_N,mac_N_ci,eac_F,eac_F_ci,mac_F,mac_F_ci,eac_X,eac_X_ci,mac_X,mac_X_ci,exact_match,exact_match_ci,over_privileged,over_privileged_ci,no_action,no_action_ci,size,size_ci,items
clm-zs,args,0.7165754769921436,"[0.462, 0.956]",0.1111111111111111,"[0.000, 0.236]",1.0,"[1.000, 1.000]",0.0,"[0.000, 0.000]",0.48502604166666663,"[0.325, 0.653]",0.6958333333333333,"[0.571, 0.858]",0.9872685185185186,"[0.966, 1.000]",0.0,"[0.000, 0.000]",0.003472222222222222,"[0.000, 0.010]",0.9965277777777778,"[0.990, 1.000]",0.0,"[0.000, 0.000]",6.545138888888889,"[4.986, 8.240]",288
clm-zs,full,0.708714125380792,"[0.485, 0.913]",0.027777777777777776,"[0.000, 0.083]",1.0,"[1.000, 1.000]",0.0,"[0.000, 0.000]",0.9361979166666666,"[0.897, 0.975]",0.025,"[0.000, 0.075]",1.0,"[1.000, 1.000]",0.0,"[0.000, 0.000]",0.0,"[0.000, 0.000]",1.0,"[1.000, 1.000]",0.0,"[0.000, 0.000]",7.760416666666667,"[6.611, 9.000]",288
clm-zs,history,0.7175067473678586,"[0.477, 0.932]",0.08333333333333333,"[0.000, 0.208]",1.0,"[1.000, 1.000]",0.0,"[0.000, 0.000]",0.51953125,"[0.333, 0.713]",0.5875,"[0.421, 0.808]",0.9959490740740742,"[0.990, 1.000]",0.0,"[0.000, 0.000]",0.0,"[0.000, 0.000]",1.0,"[1.000, 1.000]",0.0,"[0.000, 0.000]",6.6875,"[5.135, 8.406]",288
clm-zs,text,0.6708944604777939,"[0.378, 0.945]",0.16898148148148148,"[0.028, 0.333]",1.0,"[1.000, 1.000]",0.0,"[0.000, 0.000]",0.45963541666666663,"[0.286, 0.638]",0.7125,"[0.504, 0.921]",0.9959490740740742,"[0.990, 1.000]",0.0,"[0.000, 0.000]",0.0,"[0.000, 0.000]",1.0,"[1.000, 1.000]",0.0,"[0.000, 0.000]",6.385416666666667,"[4.819, 8.076]",288
laya,args,0.7501043837849394,"[0.612, 0.882]",0.027777777777777776,"[0.000, 0.069]",0.0,"[0.000, 0.000]",0.8055555555555556,"[0.611, 0.944]",0.34602864583333337,"[0.184, 0.505]",0.375,"[0.212, 0.562]",0.2881944444444444,"[0.073, 0.528]",0.0,"[0.000, 0.000]",0.017361111111111112,"[0.000, 0.049]",0.8958333333333334,"[0.826, 0.962]",0.0,"[0.000, 0.000]",4.725694444444445,"[4.038, 5.413]",288
laya,full,0.8481120731120732,"[0.715, 0.959]",0.08796296296296297,"[0.000, 0.176]",0.9375,"[0.865, 0.990]",0.032407407407407406,"[0.000, 0.069]",0.998046875,"[0.994, 1.000]",0.0,"[0.000, 0.000]",1.0,"[1.000, 1.000]",0.0,"[0.000, 0.000]",0.0,"[0.000, 0.000]",1.0,"[1.000, 1.000]",0.0,"[0.000, 0.000]",7.631944444444445,"[7.031, 8.250]",288
laya,history,0.8754706456095346,"[0.807, 0.938]",0.0,"[0.000, 0.000]",0.052083333333333336,"[0.000, 0.125]",0.8472222222222222,"[0.625, 1.000]",0.23079427083333334,"[0.096, 0.374]",0.4125,"[0.200, 0.713]",0.2569444444444444,"[0.059, 0.479]",0.0,"[0.000, 0.000]",0.003472222222222222,"[0.000, 0.010]",0.9548611111111112,"[0.931, 0.979]",0.0,"[0.000, 0.000]",4.743055555555555,"[3.819, 5.688]",288
laya,text,0.8669330540858319,"[0.759, 0.949]",0.013888888888888888,"[0.000, 0.042]",0.03125,"[0.000, 0.083]",0.8425925925925926,"[0.676, 0.972]",0.39290364583333337,"[0.216, 0.574]",0.35,"[0.150, 0.562]",0.3298611111111111,"[0.122, 0.562]",0.0,"[0.000, 0.000]",0.010416666666666666,"[0.000, 0.028]",0.9583333333333334,"[0.917, 0.993]",0.0,"[0.000, 0.000]",5.048611111111111,"[4.264, 5.840]",288
lexical,args,0.4730078563411897,"[0.277, 0.669]",0.0,"[0.000, 0.000]",0.0,"[0.000, 0.000]",1.0,"[1.000, 1.000]",0.010416666666666666,"[0.000, 0.025]",0.8,"[0.650, 0.950]",0.0,"[0.000, 0.000]",1.0,"[1.000, 1.000]",0.0,"[0.000, 0.000]",0.4930555555555556,"[0.264, 0.729]",0.16666666666666666,"[0.000, 0.375]",2.7569444444444446,"[1.576, 4.132]",288
lexical,full,0.4730078563411897,"[0.277, 0.669]",0.0,"[0.000, 0.000]",0.0,"[0.000, 0.000]",1.0,"[1.000, 1.000]",0.010416666666666666,"[0.000, 0.025]",0.8,"[0.650, 0.950]",0.0,"[0.000, 0.000]",1.0,"[1.000, 1.000]",0.0,"[0.000, 0.000]",0.4930555555555556,"[0.264, 0.729]",0.16666666666666666,"[0.000, 0.375]",2.7569444444444446,"[1.576, 4.132]",288
lexical,history,0.4730078563411897,"[0.277, 0.669]",0.0,"[0.000, 0.000]",0.0,"[0.000, 0.000]",1.0,"[1.000, 1.000]",0.010416666666666666,"[0.000, 0.025]",0.8,"[0.650, 0.950]",0.0,"[0.000, 0.000]",1.0,"[1.000, 1.000]",0.0,"[0.000, 0.000]",0.4930555555555556,"[0.264, 0.729]",0.16666666666666666,"[0.000, 0.375]",2.7569444444444446,"[1.576, 4.132]",288
lexical,text,0.18888888888888888,"[0.102, 0.278]",0.49074074074074076,"[0.231, 0.713]",0.0,"[0.000, 0.000]",1.0,"[1.000, 1.000]",0.010416666666666666,"[0.000, 0.025]",0.8,"[0.650, 0.950]",0.0,"[0.000, 0.000]",1.0,"[1.000, 1.000]",0.0,"[0.000, 0.000]",0.1736111111111111,"[0.104, 0.243]",0.4930555555555556,"[0.299, 0.681]",0.9930555555555556,"[0.674, 1.299]",288
qwen3-8b,args,0.1898086352947464,"[0.142, 0.237]",0.018518518518518517,"[0.005, 0.042]",0.041666666666666664,"[0.000, 0.094]",0.5092592592592593,"[0.343, 0.667]",0.15559895833333331,"[0.031, 0.288]",0.4625,"[0.333, 0.671]",0.12268518518518519,"[0.056, 0.216]",0.1111111111111111,"[0.000, 0.333]",0.17708333333333334,"[0.108, 0.250]",0.5555555555555556,"[0.434, 0.684]",0.0,"[0.000, 0.000]",2.90625,"[2.493, 3.319]",288
qwen3-8b,full,0.08458861097749987,"[0.069, 0.103]",0.026234567901234566,"[0.000, 0.063]",0.020833333333333332,"[0.000, 0.052]",0.032407407407407406,"[0.014, 0.056]",0.26627604166666663,"[0.129, 0.410]",0.29583333333333334,"[0.171, 0.487]",0.2604166666666667,"[0.168, 0.377]",0.0,"[0.000, 0.000]",0.3715277777777778,"[0.201, 0.538]",0.5555555555555556,"[0.399, 0.722]",0.0,"[0.000, 0.000]",3.548611111111111,"[3.111, 3.976]",288
qwen3-8b,history,0.20574962588851478,"[0.141, 0.273]",0.018518518518518517,"[0.002, 0.044]",0.041666666666666664,"[0.000, 0.094]",0.46296296296296297,"[0.287, 0.639]",0.15234375,"[0.029, 0.286]",0.42916666666666664,"[0.283, 0.654]",0.11458333333333333,"[0.036, 0.219]",0.041666666666666664,"[0.000, 0.125]",0.2361111111111111,"[0.142, 0.337]",0.5381944444444444,"[0.406, 0.681]",0.0,"[0.000, 0.000]",2.9722222222222223,"[2.542, 3.389]",288
qwen3-8b,text,0.2028071722516167,"[0.151, 0.256]",0.016203703703703703,"[0.005, 0.032]",0.041666666666666664,"[0.000, 0.094]",0.4027777777777778,"[0.231, 0.565]",0.16145833333333331,"[0.040, 0.292]",0.4625,"[0.333, 0.671]",0.14004629629629628,"[0.067, 0.231]",0.1111111111111111,"[0.000, 0.333]",0.21875,"[0.125, 0.326]",0.5729166666666666,"[0.438, 0.708]",0.0,"[0.000, 0.000]",3.0694444444444446,"[2.694, 3.434]",288
qwen3-reranker-8b,args,0.33106077307466203,"[0.221, 0.467]",0.1118827160493827,"[0.033, 0.211]",0.0,"[0.000, 0.000]",0.8194444444444444,"[0.583, 0.986]",0.0,"[0.000, 0.000]",0.825,"[0.700, 0.950]",0.0,"[0.000, 0.000]",1.0,"[1.000, 1.000]",0.006944444444444444,"[0.000, 0.021]",0.4548611111111111,"[0.264, 0.642]",0.1736111111111111,"[0.035, 0.361]",2.013888888888889,"[1.319, 2.708]",288
qwen3-reranker-8b,full,0.37926186467853135,"[0.238, 0.538]",0.05787037037037037,"[0.009, 0.130]",0.09375,"[0.031, 0.167]",0.8148148148148148,"[0.611, 0.968]",0.0703125,"[0.025, 0.131]",0.0375,"[0.000, 0.087]",0.08564814814814815,"[0.000, 0.213]",0.8888888888888888,"[0.875, 0.917]",0.024305555555555556,"[0.007, 0.045]",0.5729166666666666,"[0.389, 0.740]",0.0,"[0.000, 0.000]",2.6875,"[2.174, 3.267]",288
qwen3-reranker-8b,history,0.3020731454759233,"[0.180, 0.463]",0.14660493827160492,"[0.028, 0.296]",0.0,"[0.000, 0.000]",0.8981481481481481,"[0.759, 1.000]",0.0,"[0.000, 0.000]",0.9,"[0.800, 1.000]",0.0,"[0.000, 0.000]",1.0,"[1.000, 1.000]",0.0,"[0.000, 0.000]",0.4236111111111111,"[0.233, 0.608]",0.2152777777777778,"[0.042, 0.424]",1.7569444444444444,"[1.142, 2.361]",288
qwen3-reranker-8b,text,0.38981347870236754,"[0.229, 0.552]",0.09876543209876543,"[0.028, 0.194]",0.0,"[0.000, 0.000]",0.8981481481481481,"[0.750, 1.000]",0.0,"[0.000, 0.000]",0.8666666666666667,"[0.725, 0.992]",0.0,"[0.000, 0.000]",1.0,"[1.000, 1.000]",0.003472222222222222,"[0.000, 0.010]",0.4513888888888889,"[0.236, 0.667]",0.16666666666666666,"[0.031, 0.354]",2.28125,"[1.392, 3.215]",288
