method,input,mode,cap,success,success_ci,recoveries,recoveries_ci,ras_initial,ras_initial_ci,ras_recovery,ras_recovery_ci,items
clm-zs,full,admitted,1,0.96875,"[0.917, 1.000]",0.052083333333333336,"[0.000, 0.135]",0.7947916666666666,"[0.619, 0.959]",0.8871527777777778,"[0.766, 0.986]",288
clm-zs,full,admitted,3,0.96875,"[0.917, 1.000]",0.052083333333333336,"[0.000, 0.135]",0.7947916666666666,"[0.619, 0.959]",0.8871527777777778,"[0.766, 0.986]",288
clm-zs,full,admitted,5,0.96875,"[0.917, 1.000]",0.052083333333333336,"[0.000, 0.135]",0.7947916666666666,"[0.619, 0.959]",0.8871527777777778,"[0.766, 0.986]",288
clm-zs,full,bound-only,1,1.0,"[1.000, 1.000]",0.052083333333333336,"[0.000, 0.135]",0.7947916666666666,"[0.619, 0.959]",1.0,"[1.000, 1.000]",288
clm-zs,full,bound-only,3,1.0,"[1.000, 1.000]",0.052083333333333336,"[0.000, 0.135]",0.7947916666666666,"[0.619, 0.959]",1.0,"[1.000, 1.000]",288
clm-zs,full,bound-only,5,1.0,"[1.000, 1.000]",0.052083333333333336,"[0.000, 0.135]",0.7947916666666666,"[0.619, 0.959]",1.0,"[1.000, 1.000]",288
qwen3-8b,full,admitted,1,0.9548611111111112,"[0.889, 1.000]",0.2361111111111111,"[0.104, 0.396]",0.07569444444444445,"[0.060, 0.088]",0.11770833333333333,"[0.083, 0.171]",288
qwen3-8b,full,admitted,3,0.96875,"[0.913, 1.000]",0.2361111111111111,"[0.104, 0.396]",0.07569444444444445,"[0.060, 0.088]",0.11770833333333333,"[0.083, 0.171]",288
qwen3-8b,full,admitted,5,0.96875,"[0.913, 1.000]",0.2361111111111111,"[0.104, 0.396]",0.07569444444444445,"[0.060, 0.088]",0.11770833333333333,"[0.083, 0.171]",288
qwen3-8b,full,bound-only,1,0.9756944444444444,"[0.934, 1.000]",0.2361111111111111,"[0.104, 0.396]",0.07569444444444445,"[0.060, 0.088]",0.9854166666666667,"[0.966, 1.000]",288
qwen3-8b,full,bound-only,3,1.0,"[1.000, 1.000]",0.2361111111111111,"[0.104, 0.396]",0.07569444444444445,"[0.060, 0.088]",1.0,"[1.000, 1.000]",288
qwen3-8b,full,bound-only,5,1.0,"[1.000, 1.000]",0.2361111111111111,"[0.104, 0.396]",0.07569444444444445,"[0.060, 0.088]",1.0,"[1.000, 1.000]",288
qwen3-reranker-8b,full,admitted,1,0.8854166666666666,"[0.809, 0.951]",0.9583333333333334,"[0.795, 1.083]",0.27395833333333336,"[0.161, 0.389]",0.49895833333333334,"[0.385, 0.629]",288
qwen3-reranker-8b,full,admitted,3,0.9444444444444444,"[0.875, 0.993]",0.9583333333333334,"[0.795, 1.083]",0.27395833333333336,"[0.161, 0.389]",0.5,"[0.387, 0.629]",288
qwen3-reranker-8b,full,admitted,5,0.9444444444444444,"[0.875, 0.993]",0.9583333333333334,"[0.795, 1.083]",0.27395833333333336,"[0.161, 0.389]",0.5,"[0.387, 0.629]",288
qwen3-reranker-8b,full,bound-only,1,0.9166666666666666,"[0.854, 0.972]",0.9583333333333334,"[0.795, 1.083]",0.27395833333333336,"[0.161, 0.389]",0.9885416666666667,"[0.973, 1.000]",288
qwen3-reranker-8b,full,bound-only,3,1.0,"[1.000, 1.000]",0.9583333333333334,"[0.795, 1.083]",0.27395833333333336,"[0.161, 0.389]",1.0,"[1.000, 1.000]",288
qwen3-reranker-8b,full,bound-only,5,1.0,"[1.000, 1.000]",0.9583333333333334,"[0.795, 1.083]",0.27395833333333336,"[0.161, 0.389]",1.0,"[1.000, 1.000]",288
