template,permission,alvi,joseph,draft
bc1-label-only,exec:run:*,0,0,0
bc1-label-only,exec:run:/usr/bin/python3,unclear,0,1
bc1-label-only,fs:r:*,0,0,0
bc1-label-only,fs:w:/workspace,0,0,1
bc1-label-only,github:contents.read:wayne/*,0,0,0
bc1-label-only,github:contents.read:wayne/infra#971,0,0,0
bc1-label-only,github:issue.comment:wayne/*,0,0,0
bc1-label-only,github:issue.comment:wayne/infra#971,0,0,0
bc1-label-only,github:issue.label:wayne/*,0,0,0
bc1-label-only,github:issue.label:wayne/infra#971,1,1,1
bc1-label-only,github:issue.read:wayne/*,0,0,0
bc1-label-only,github:issue.read:wayne/infra#971,0,0,0
bc1-label-only,net:connect:*,0,0,0
bc1-label-only,net:connect:api.github.com:443,1,1,1
bc1-label-second,exec:run:*,0,0,0
bc1-label-second,exec:run:/usr/bin/python3,unclear,0,1
bc1-label-second,fs:r:*,0,0,0
bc1-label-second,fs:w:/workspace,0,0,1
bc1-label-second,github:contents.read:initech/*,0,0,0
bc1-label-second,github:contents.read:initech/infra#257,0,0,0
bc1-label-second,github:contents.read:initech/infra#63,0,0,0
bc1-label-second,github:issue.comment:initech/*,0,0,0
bc1-label-second,github:issue.comment:initech/infra#257,0,0,0
bc1-label-second,github:issue.comment:initech/infra#63,0,0,0
bc1-label-second,github:issue.label:initech/*,0,0,0
bc1-label-second,github:issue.label:initech/infra#257,0,0,0
bc1-label-second,github:issue.label:initech/infra#63,1,1,1
bc1-label-second,github:issue.read:initech/*,0,0,0
bc1-label-second,github:issue.read:initech/infra#257,1,1,1
bc1-label-second,github:issue.read:initech/infra#63,1,1,1
bc1-label-second,net:connect:*,0,0,0
bc1-label-second,net:connect:api.github.com:443,1,1,1
bc1-read,exec:run:*,0,0,0
bc1-read,exec:run:/usr/bin/python3,unclear,0,1
bc1-read,fs:r:*,0,0,0
bc1-read,fs:w:/workspace,0,0,1
bc1-read,github:contents.read:hooli/*,0,0,0
bc1-read,github:contents.read:hooli/docs-site#723,0,0,0
bc1-read,github:issue.comment:hooli/*,0,0,0
bc1-read,github:issue.comment:hooli/docs-site#723,0,0,0
bc1-read,github:issue.label:hooli/*,0,0,0
bc1-read,github:issue.label:hooli/docs-site#723,0,0,0
bc1-read,github:issue.read:hooli/*,0,0,0
bc1-read,github:issue.read:hooli/docs-site#723,1,1,1
bc1-read,net:connect:*,0,0,0
bc1-read,net:connect:api.github.com:443,1,1,1
bc1-read-label,exec:run:*,0,0,0
bc1-read-label,exec:run:/usr/bin/python3,unclear,0,1
bc1-read-label,fs:r:*,0,0,0
bc1-read-label,fs:w:/workspace,0,0,1
bc1-read-label,github:contents.read:hooli/*,0,0,0
bc1-read-label,github:contents.read:hooli/mobile#189,0,0,0
bc1-read-label,github:issue.comment:hooli/*,0,0,0
bc1-read-label,github:issue.comment:hooli/mobile#189,0,0,0
bc1-read-label,github:issue.label:hooli/*,0,0,0
bc1-read-label,github:issue.label:hooli/mobile#189,1,1,1
bc1-read-label,github:issue.read:hooli/*,0,0,0
bc1-read-label,github:issue.read:hooli/mobile#189,1,1,1
bc1-read-label,net:connect:*,0,0,0
bc1-read-label,net:connect:api.github.com:443,1,1,1
bc1-read-two,exec:run:*,0,0,0
bc1-read-two,exec:run:/usr/bin/python3,unclear,0,1
bc1-read-two,fs:r:*,0,0,0
bc1-read-two,fs:w:/workspace,0,0,1
bc1-read-two,github:contents.read:wonka/*,0,0,0
bc1-read-two,github:contents.read:wonka/cli#259,0,0,0
bc1-read-two,github:contents.read:wonka/cli#287,0,0,0
bc1-read-two,github:issue.comment:wonka/*,0,0,0
bc1-read-two,github:issue.comment:wonka/cli#259,0,0,0
bc1-read-two,github:issue.comment:wonka/cli#287,0,0,0
bc1-read-two,github:issue.label:wonka/*,0,0,0
bc1-read-two,github:issue.label:wonka/cli#259,0,0,0
bc1-read-two,github:issue.label:wonka/cli#287,0,0,0
bc1-read-two,github:issue.read:wonka/*,0,0,0
bc1-read-two,github:issue.read:wonka/cli#259,1,1,1
bc1-read-two,github:issue.read:wonka/cli#287,1,1,1
bc1-read-two,net:connect:*,0,0,0
bc1-read-two,net:connect:api.github.com:443,1,1,1
bc2-build,exec:run:*,0,0,0
bc2-build,exec:run:/usr/bin/make,1,1,1
bc2-build,exec:run:/usr/bin/python3,unclear,0,1
bc2-build,fs:r:*,0,0,0
bc2-build,fs:r:/workspace/src,1,0,1
bc2-build,fs:w:*,0,0,0
bc2-build,fs:w:/artifacts,1,1,1
bc2-build,fs:w:/workspace,1,0,1
bc2-build,net:connect:*,0,0,0
bc2-build-test,exec:run:*,0,0,0
bc2-build-test,exec:run:/usr/bin/make,1,1,1
bc2-build-test,exec:run:/usr/bin/python3,unclear,1,1
bc2-build-test,fs:r:*,0,0,0
bc2-build-test,fs:r:/workspace/src,1,0,1
bc2-build-test,fs:w:*,0,0,0
bc2-build-test,fs:w:/artifacts,1,1,1
bc2-build-test,fs:w:/workspace,1,0,1
bc2-build-test,net:connect:*,0,0,0
bc2-deploy-one,exec:run:*,0,0,0
bc2-deploy-one,exec:run:/usr/bin/python3,unclear,0,1
bc2-deploy-one,fs:r:*,0,0,0
bc2-deploy-one,fs:r:/artifacts,1,1,1
bc2-deploy-one,net:connect:*,0,0,0
bc2-deploy-one,net:connect:globex-staging.s3.us-east-1.amazonaws.com:443,1,1,1
bc2-deploy-one,storage:object.delete:globex-prod/*,0,0,0
bc2-deploy-one,storage:object.put:globex-prod/*,0,0,0
bc2-deploy-one,storage:object.put:globex-staging/*,0,0,0
bc2-deploy-one,storage:object.put:globex-staging/builds/docs.zip,1,1,1
bc2-deploy-two,exec:run:*,0,0,0
bc2-deploy-two,exec:run:/usr/bin/python3,unclear,0,1
bc2-deploy-two,fs:r:*,0,0,0
bc2-deploy-two,fs:r:/artifacts,1,1,1
bc2-deploy-two,net:connect:*,0,0,0
bc2-deploy-two,net:connect:hooli-staging.s3.us-east-1.amazonaws.com:443,1,1,1
bc2-deploy-two,storage:object.delete:hooli-prod/*,0,0,0
bc2-deploy-two,storage:object.put:hooli-prod/*,0,0,0
bc2-deploy-two,storage:object.put:hooli-staging/*,0,0,0
bc2-deploy-two,storage:object.put:hooli-staging/web/bundle.js,1,1,1
bc2-deploy-two,storage:object.put:hooli-staging/web/site.zip,1,1,1
bc2-deploy-verify,exec:run:*,0,0,0
bc2-deploy-verify,exec:run:/usr/bin/python3,1,0,1
bc2-deploy-verify,fs:r:*,0,0,0
bc2-deploy-verify,fs:r:/artifacts,1,0,1
bc2-deploy-verify,net:connect:*,0,0,0
bc2-deploy-verify,net:connect:stark-staging.s3.us-east-1.amazonaws.com:443,1,1,1
bc2-deploy-verify,storage:object.delete:stark-prod/*,0,0,0
bc2-deploy-verify,storage:object.get:stark-staging/web/app.tar.gz,1,1,1
bc2-deploy-verify,storage:object.put:stark-prod/*,0,0,0
bc2-deploy-verify,storage:object.put:stark-staging/*,0,0,0
bc2-deploy-verify,storage:object.put:stark-staging/web/app.tar.gz,1,1,1
bc2-lint,exec:run:*,0,0,0
bc2-lint,exec:run:/usr/bin/python3,1,1,1
bc2-lint,fs:r:*,0,0,0
bc2-lint,fs:r:/workspace/src,1,1,1
bc2-lint,fs:w:*,0,0,0
bc2-lint,fs:w:/workspace,0,0,1
bc2-lint,net:connect:*,0,0,0
bc2-test,exec:run:*,0,0,0
bc2-test,exec:run:/usr/bin/make,unclear,1,1
bc2-test,exec:run:/usr/bin/python3,unclear,1,1
bc2-test,fs:r:*,0,0,0
bc2-test,fs:r:/workspace/src,1,0,1
bc2-test,fs:w:*,0,0,0
bc2-test,fs:w:/workspace,0,0,1
bc2-test,net:connect:*,0,0,0
bc3-extract,docs:doc.read:*,0,0,0
bc3-extract,docs:doc.read:launch-checklist,1,1,1
bc3-extract,exec:run:*,0,0,0
bc3-extract,exec:run:/usr/bin/python3,unclear,0,1
bc3-extract,fs:r:*,0,0,0
bc3-extract,fs:w:/workspace,0,0,1
bc3-extract,net:connect:*,0,0,0
bc3-extract,net:connect:docs.googleapis.com:443,1,1,1
bc3-post-one,exec:run:*,0,0,0
bc3-post-one,exec:run:/usr/bin/python3,unclear,1,1
bc3-post-one,fs:r:*,0,0,0
bc3-post-one,fs:w:/workspace,0,1,1
bc3-post-one,net:connect:*,0,0,0
bc3-post-one,net:connect:slack.com:443,1,1,1
bc3-post-one,slack:message.post:*,0,0,0
bc3-post-one,slack:message.post:incident-room,1,1,1
bc3-post-two,exec:run:*,0,0,0
bc3-post-two,exec:run:/usr/bin/python3,unclear,0,1
bc3-post-two,fs:r:*,0,0,0
bc3-post-two,fs:w:/workspace,0,0,1
bc3-post-two,net:connect:*,0,0,0
bc3-post-two,net:connect:slack.com:443,1,1,1
bc3-post-two,slack:message.post:*,0,0,0
bc3-post-two,slack:message.post:eng-updates,1,1,1
bc3-post-two,slack:message.post:product-sync,1,1,1
bc3-read-one,docs:doc.read:*,0,0,0
bc3-read-one,docs:doc.read:budget-notes,1,1,1
bc3-read-one,exec:run:*,0,0,0
bc3-read-one,exec:run:/usr/bin/python3,unclear,1,1
bc3-read-one,fs:r:*,0,0,0
bc3-read-one,fs:w:/workspace,0,1,1
bc3-read-one,net:connect:*,0,0,0
bc3-read-one,net:connect:docs.googleapis.com:443,1,1,1
bc3-read-two,docs:doc.read:*,0,0,0
bc3-read-two,docs:doc.read:launch-checklist,1,1,1
bc3-read-two,docs:doc.read:onboarding-guide,1,1,1
bc3-read-two,exec:run:*,0,0,0
bc3-read-two,exec:run:/usr/bin/python3,unclear,1,1
bc3-read-two,fs:r:*,0,0,0
bc3-read-two,fs:w:/workspace,0,1,1
bc3-read-two,net:connect:*,0,0,0
bc3-read-two,net:connect:docs.googleapis.com:443,1,1,1
